觀測時間(month),測站氣壓(hPa),海平面氣壓(hPa),測站最高氣壓(hPa),測站最高氣壓時間(LST),測站最低氣壓(hPa),測站最低氣壓時間(LST),氣溫(℃),最高氣溫(℃),最高氣溫時間(LST),最低氣溫(℃),最低氣溫時間(LST),露點溫度(℃),風速(m/s),風向(360degree),最大瞬間風(m/s),最大瞬間風風向(360degree),最大瞬間風風速時間(LST),降水量(mm),降水時數(hour),降水日數(day),最大十分鐘降水量(mm),最大十分鐘降水量起始時間(LST),最大六十分鐘降水量(mm),最大六十分鐘降水量起始時間(LST),最大日降水量(mm),最大日降水量時間(LST),相對溼度(%),A型蒸發量(mm),日照時數(hour),全天空日射量(MJ/㎡),平均日最高紫外線指數,月最高紫外線指數,月最高紫外線指數時間(LST),總雲量(0~10),地溫0cm,地溫5cm,地溫10cm,地溫20cm,地溫30cm,地溫50cm,地溫100cm,location,year
01,1015.0,1017.9,1023.6,2020/01/01 10:01:00,1005.2,2020/01/26 15:01:00,21.9,29.3,2020/01/24 12:58:00,15.3,2020/01/20 06:37:00,17.1,3.3,60,20.9,60,2020/01/01 00:49:00,57.2,15.6,5,8.0,2020/01/26 08:30:00,33.5,2020/01/26 08:08:00,44.5,2020/01/26 00:00:00,76,113.8,196.7,451.81,5,7,2020/01/31 13:00:00,4.3,0.0,--,23.2,22.9,23.1,23.4,23.6,Hengchhun,2020
02,1017.1,1020.0,1024.2,2020/02/21 09:24:00,1009.5,2020/02/29 15:44:00,21.9,29.4,2020/02/25 11:38:00,15.4,2020/02/18 01:36:00,17.8,3.6,60,23.8,50,2020/02/05 20:33:00,53.0,15.0,8,6.0,2020/02/13 16:40:00,14.5,2020/02/13 15:50:00,26.0,2020/02/13 00:00:00,79,105.4,162.9,457.45,7,9,2020/02/24 13:00:00,5.0,0.0,--,22.1,22.5,22.7,22.7,22.7,Hengchhun,2020
03,1012.1,1014.9,1019.5,2020/03/16 09:10:00,1004.6,2020/03/09 15:05:00,24.0,31.6,2020/03/27 12:43:00,18.3,2020/03/16 02:11:00,20.0,3.1,60,23.2,40,2020/03/05 12:16:00,12.0,4.6,3,2.5,2020/03/28 10:02:00,5.0,2020/03/10 12:10:00,5.5,2020/03/28 00:00:00,80,143.5,211.8,602.62,7,9,2020/03/05 13:00:00,4.6,0.0,--,25.5,25.5,25.5,25.1,25.0,Hengchhun,2020
04,1012.4,1015.2,1017.0,2020/04/02 10:05:00,1007.6,2020/04/12 03:20:00,24.7,32.4,2020/04/19 11:21:00,17.2,2020/04/15 05:51:00,19.1,3.5,60,21.5,50,2020/04/24 01:21:00,6.0,3.6,2,1.0,2020/04/07 02:09:00,2.5,2020/04/07 02:04:00,5.5,2020/04/07 00:00:00,73,170.2,205.5,623.41,7,9,2020/04/28 12:00:00,4.9,0.0,--,27.7,28.0,27.7,27.0,26.8,Hengchhun,2020
05,1006.8,1009.5,1011.8,2020/05/01 09:01:00,1000.5,2020/05/17 15:09:00,28.0,34.2,2020/05/15 13:00:00,23.7,2020/05/20 13:27:00,25.2,2.3,300,18.5,70,2020/05/12 22:30:00,220.8,35.7,15,16.5,2020/05/27 09:17:00,54.5,2020/05/27 08:45:00,83.0,2020/05/27 00:00:00,86,148.8,196.9,622.13,8,10,2020/05/29 12:00:00,5.8,0.0,--,30.8,31.1,31.0,30.2,30.0,Hengchhun,2020
06,1006.4,1009.1,1012.3,2020/06/15 00:04:00,1001.9,2020/06/21 16:58:00,29.6,33.9,2020/06/11 12:54:00,24.1,2020/06/09 03:50:00,26.7,2.3,300,13.3,290,2020/06/21 13:14:00,80.0,19.2,10,10.0,2020/06/12 06:56:00,16.0,2020/06/12 06:45:00,31.5,2020/06/12 00:00:00,86,174.8,260.2,730.19,11,13,2020/06/21 12:00:00,4.7,0.0,--,32.2,32.1,32.0,31.4,31.2,Hengchhun,2020
07,1005.9,1008.6,1010.2,2020/07/03 22:12:00,1001.2,2020/07/15 03:12:00,29.8,34.8,2020/07/23 10:59:00,25.3,2020/07/30 06:52:00,26.7,2.2,290,20.2,60,2020/07/30 16:24:00,246.5,25.8,13,21.0,2020/07/30 06:16:00,49.0,2020/07/28 11:59:00,89.5,2020/07/28 00:00:00,85,172.3,248.2,704.19,11,13,2020/07/22 13:00:00,4.8,0.0,--,32.0,32.0,32.0,31.7,31.8,Hengchhun,2020
08,1004.9,1007.6,1012.3,2020/08/12 21:40:00,998.8,2020/08/31 15:31:00,28.5,34.6,2020/08/08 12:47:00,24.4,2020/08/26 22:35:00,26.3,2.4,120,15.4,40,2020/08/17 04:29:00,463.5,66.8,23,17.0,2020/08/05 23:15:00,33.5,2020/08/25 05:47:00,107.0,2020/08/26 00:00:00,89,116.1,164.4,548.49,9,13,2020/08/13 13:00:00,6.6,0.0,1.0,29.3,29.8,30.0,29.7,29.8,Hengchhun,2020
09,1006.5,1009.2,1011.8,2020/09/18 22:01:00,998.4,2020/09/01 14:58:00,28.6,34.2,2020/09/14 12:05:00,24.2,2020/09/30 05:46:00,24.5,2.1,60,17.1,60,2020/09/30 21:31:00,69.5,6.8,6,13.0,2020/09/17 23:26:00,22.0,2020/09/17 22:50:00,33.5,2020/09/17 00:00:00,80,158.4,236.3,630.18,10,12,2020/09/13 12:00:00,4.5,0.0,1.0,30.2,30.3,30.6,30.4,30.6,Hengchhun,2020
10,1009.0,1011.8,1015.1,2020/10/31 09:16:00,1001.7,2020/10/22 14:16:00,26.9,32.4,2020/10/04 12:53:00,22.0,2020/10/24 07:13:00,20.9,5.3,40,29.5,50,2020/10/05 05:32:00,48.0,21.6,12,3.0,2020/10/21 18:23:00,8.0,2020/10/21 18:13:00,20.5,2020/10/21 00:00:00,71,169.2,200.4,559.11,9,10,2020/10/07 12:00:00,4.6,0.0,1.0,26.6,27.0,27.0,27.4,27.9,Hengchhun,2020
11,1012.7,1015.4,1018.1,2020/11/29 09:32:00,1002.0,2020/11/06 16:16:00,25.3,30.6,2020/11/20 11:00:00,20.5,2020/11/30 06:00:00,19.5,5.4,40,27.9,60,2020/11/14 09:42:00,180.0,24.2,6,11.0,2020/11/06 13:55:00,30.0,2020/11/06 13:11:00,168.0,2020/11/06 00:00:00,72,125.1,162.0,439.95,7,8,2020/11/10 12:00:00,5.6,0.0,1.0,24.7,25.2,25.2,25.5,25.9,Hengchhun,2020
12,1013.3,1016.1,1022.0,2020/12/31 09:24:00,1007.4,2020/12/29 14:31:00,22.6,28.7,2020/12/10 11:32:00,14.2,2020/12/31 04:08:00,16.5,5.6,40,32.0,20,2020/12/21 01:35:00,2.0,4.3,2,0.5,2020/12/08 04:02:00,0.5,2020/12/08 03:12:00,1.5,2020/12/21 00:00:00,69,117.4,97.0,348.35,5,7,2020/12/12 12:00:00,7.1,21.9,22.8,23.1,23.5,24.1,24.4,25.5,Hengchhun,2020
01,1015.0,1017.8,1021.0,2021/01/01 00:26:00,1005.9,2021/01/22 14:48:00,19.8,27.1,2021/01/26 12:42:00,12.8,2021/01/15 06:12:00,13.3,4.6,40,26.2,80,2021/01/29 09:58:00,2.5,5.0,2,0.5,2021/01/22 01:54:00,0.5,2021/01/22 01:54:00,2.0,2021/01/22 00:00:00,67,133.6,198.1,449.02,6,8,2021/01/30 13:00:00,4.6,0.0,1.0,20.0,19.7,19.4,19.3,20.4,Hengchhun,2021
02,1013.2,1016.0,1022.2,2021/02/18 20:54:00,1003.6,2021/02/11 13:46:00,21.5,28.4,2021/02/26 12:40:00,13.8,2021/02/21 05:12:00,15.9,3.6,50,23.6,10,2021/02/18 00:22:00,20.0,14.5,4,6.5,2021/02/11 05:44:00,13.5,2021/02/11 05:43:00,17.0,2021/02/11 00:00:00,72,115.8,195.7,482.72,7,8,2021/02/09 12:00:00,4.0,0.0,1.0,21.7,21.1,20.9,20.7,21.6,Hengchhun,2021
03,1012.0,1014.8,1019.1,2021/03/22 23:31:00,1002.9,2021/03/30 15:31:00,24.2,31.1,2021/03/17 12:59:00,18.3,2021/03/23 00:11:00,19.0,3.1,40,25.6,350,2021/03/22 07:29:00,2.0,4.4,1,1.5,2021/03/28 00:58:00,2.0,2021/03/28 00:58:00,2.0,2021/03/28 00:00:00,74,156.2,209.2,576.56,8,11,2021/03/16 13:00:00,4.1,0.0,1.0,25.3,24.4,24.1,23.8,24.6,Hengchhun,2021
04,1010.2,1013.0,1017.0,2021/04/11 09:59:00,1002.3,2021/04/23 15:35:00,25.1,31.6,2021/04/03 10:48:00,20.9,2021/04/06 04:45:00,19.5,3.0,40,26.1,40,2021/04/18 00:32:00,0.5,5.9,1,0.5,2021/04/22 06:47:00,0.5,2021/04/22 06:47:00,0.5,2021/04/22 00:00:00,72,156.4,148.0,512.88,9,13,2021/04/21 13:00:00,5.9,0.0,1.0,28.1,26.4,26.1,25.9,26.6,Hengchhun,2021
05,1007.6,1010.3,1013.1,2021/05/06 08:20:00,1000.9,2021/05/30 16:43:00,29.0,34.1,2021/05/24 13:13:00,22.8,2021/05/02 05:13:00,24.4,2.2,280,14.5,70,2021/05/03 13:06:00,4.0,2.0,2,2.0,2021/05/31 10:33:00,2.5,2021/05/31 10:30:00,3.0,2021/05/31 00:00:00,77,197.4,241.1,716.72,11,14,2021/05/07 12:00:00,4.4,0.0,1.0,33.4,31.3,30.9,30.7,31.3,Hengchhun,2021
06,1004.6,1007.3,1009.6,2021/06/12 23:21:00,997.9,2021/06/04 18:09:00,28.2,35.4,2021/06/03 12:38:00,23.7,2021/06/24 01:31:00,25.4,2.6,280,15.1,270,2021/06/16 12:14:00,589.5,79.3,23,16.5,2021/06/28 20:48:00,54.0,2021/06/24 00:54:00,129.0,2021/06/24 00:00:00,85,104.4,140.7,524.36,9,13,2021/06/09 12:00:00,7.3,0.0,1.0,29.1,28.7,28.5,28.3,29.2,Hengchhun,2021
07,1002.4,1005.2,1010.9,2021/07/10 22:30:00,987.9,2021/07/23 16:47:00,28.8,33.7,2021/07/14 11:41:00,24.0,2021/07/31 16:39:00,25.6,2.6,100,19.5,310,2021/07/23 04:42:00,402.0,46.6,18,15.0,2021/07/31 05:50:00,38.0,2021/07/30 11:54:00,128.0,2021/07/31 00:00:00,83,150.2,214.7,626.88,10,12,2021/07/01 12:00:00,5.4,0.0,1.0,29.1,28.7,28.5,28.3,29.2,Hengchhun,2021
08,1005.1,1007.8,1011.6,2021/08/30 09:51:00,995.2,2021/08/02 15:57:00,28.1,33.0,2021/08/27 12:47:00,24.3,2021/08/30 10:09:00,25.5,2.0,270,17.8,240,2021/08/06 14:36:00,835.0,68.1,21,23.0,2021/08/08 06:11:00,73.0,2021/08/02 04:09:00,174.5,2021/08/08 00:00:00,87,121.2,163.1,493.24,8,13,2021/08/16 13:00:00,6.5,0.0,1.0,28.7,28.1,27.9,27.6,28.4,Hengchhun,2021
09,1006.8,1009.6,1013.1,2021/09/23 21:30:00,991.5,2021/09/12 01:03:00,28.6,33.4,2021/09/04 13:31:00,23.7,2021/09/30 04:29:00,24.9,2.2,100,17.8,280,2021/09/12 10:10:00,140.5,27.8,17,11.0,2021/09/20 10:55:00,16.5,2021/09/20 10:55:00,43.5,2021/09/11 00:00:00,81,146.8,236.0,619.55,10,12,2021/09/06 12:00:00,4.5,0.0,1.0,29.3,28.1,27.9,27.9,28.6,Hengchhun,2021
10,1009.4,1012.1,1016.3,2021/10/30 08:43:00,991.0,2021/10/11 18:44:00,26.9,32.5,2021/10/02 12:30:00,22.8,2021/10/21 05:53:00,22.0,4.5,40,34.6,30,2021/10/11 22:09:00,378.0,41.2,11,14.5,2021/10/14 04:47:00,49.5,2021/10/14 04:24:00,85.5,2021/10/14 00:00:00,75,147.0,188.7,519.73,7,9,2021/10/04 12:00:00,5.7,0.0,1.0,26.0,25.1,25.1,25.1,25.9,Hengchhun,2021
11,1012.1,1014.9,1017.1,2021/11/28 08:28:00,1005.0,2021/11/06 13:52:00,24.3,31.0,2021/11/06 10:59:00,20.0,2021/11/10 06:04:00,19.3,4.0,40,26.9,70,2021/11/27 09:54:00,20.0,26.4,7,1.0,2021/11/25 14:49:00,3.0,2021/11/25 15:52:00,9.0,2021/11/29 00:00:00,74,114.1,151.1,409.01,6,8,2021/11/03 12:00:00,5.4,0.0,1.0,24.5,23.5,23.4,23.3,24.2,Hengchhun,2021
12,1015.8,1018.6,1022.7,2021/12/27 08:17:00,1008.7,2021/12/21 14:53:00,22.0,28.1,2021/12/24 13:16:00,18.5,2021/12/06 04:12:00,16.1,4.9,40,30.0,310,2021/12/17 20:20:00,5.5,14.2,5,1.5,2021/12/15 07:06:00,2.5,2021/12/15 07:00:00,3.0,2021/12/15 00:00:00,70,124.3,166.3,415.42,5,7,2021/12/01 12:00:00,5.7,22.5,20.9,20.8,20.5,21.5,19.0,23.6,Hengchhun,2021
01,1013.9,1016.7,1021.4,2022/01/01 09:17:00,1005.8,2022/01/29 14:47:00,21.3,26.7,2022/01/23 11:00:00,14.4,2022/01/13 02:15:00,16.9,3.8,40,22.5,140,2022/01/07 00:52:00,173.0,60.2,8,9.5,2022/01/06 00:55:00,21.0,2022/01/22 08:01:00,55.5,2022/01/22 00:00:00,77,87.3,120.9,359.78,5,8,2022/01/31 13:00:00,6.7,21.3,20.3,20.2,19.9,20.9,18.2,22.6,Hengchhun,2022
02,1014.0,1016.9,1020.8,2022/02/25 09:14:00,1007.5,2022/02/13 16:00:00,21.3,27.4,2022/02/13 12:49:00,15.7,2022/02/16 06:56:00,16.3,4.1,40,30.3,40,2022/02/20 11:43:00,17.0,13.7,5,5.0,2022/02/08 00:09:00,8.0,2022/02/08 00:01:00,8.0,2022/02/08 00:00:00,74,102.7,143.5,399.54,7,11,2022/02/24 13:00:00,5.7,20.9,19.9,19.9,19.5,20.5,17.8,22.0,Hengchhun,2022
03,1010.8,1013.6,1015.9,2022/03/01 09:31:00,1003.1,2022/03/18 03:47:00,24.2,31.3,2022/03/22 13:05:00,16.3,2022/03/08 04:35:00,19.4,3.1,100,20.4,360,2022/03/29 10:36:00,12.5,13.8,2,2.5,2022/03/23 15:13:00,4.5,2022/03/23 15:13:00,7.5,2022/03/23 00:00:00,75,142.6,183.7,559.89,9,12,2022/03/25 12:00:00,5.5,24.5,23.1,23.0,22.4,23.2,22.2,23.2,Hengchhun,2022
04,1010.3,1013.1,1019.2,2022/04/04 22:02:00,1001.9,2022/04/13 15:16:00,25.2,32.6,2022/04/29 12:44:00,20.2,2022/04/02 03:19:00,20.4,3.6,40,24.4,80,2022/04/04 10:55:00,12.5,10.7,6,2.5,2022/04/14 20:53:00,6.5,2022/04/14 20:53:00,8.0,2022/04/14 00:00:00,75,167.8,189.7,617.02,10,13,2022/04/01 13:00:00,5.2,26.8,25.1,25.0,24.4,25.3,24.1,24.9,Hengchhun,2022
05,1007.1,1009.8,1012.2,2022/05/03 21:31:00,1001.7,2022/05/26 16:29:00,26.6,32.3,2022/05/09 12:11:00,20.3,2022/05/02 22:16:00,23.0,2.4,280,21.9,40,2022/05/02 01:44:00,308.0,41.6,15,18.0,2022/05/20 06:39:00,72.0,2022/05/20 06:17:00,181.5,2022/05/20 00:00:00,81,122.6,107.6,486.02,8,12,2022/05/30 13:00:00,7.7,27.5,26.4,26.4,25.7,26.6,29.1,26.3,Hengchhun,2022
06,1005.7,1008.5,1010.7,2022/06/22 22:41:00,1001.1,2022/06/06 16:50:00,28.7,33.8,2022/06/26 11:56:00,24.3,2022/06/09 05:39:00,25.7,2.1,280,14.0,70,2022/06/30 11:45:00,141.0,26.2,20,12.5,2022/06/04 09:11:00,25.5,2022/06/04 09:07:00,47.0,2022/06/04 00:00:00,84,121.7,203.7,636.81,10,13,2022/06/26 13:00:00,6.4,29.6,28.7,28.7,28.0,28.9,31.7,27.8,Hengchhun,2022
07,1004.8,1007.6,1010.9,2022/07/21 22:17:00,998.8,2022/07/30 16:43:00,28.9,34.4,2022/07/13 13:55:00,24.4,2022/07/06 10:20:00,25.8,1.9,100,11.9,280,2022/07/03 04:05:00,200.5,29.7,12,11.0,2022/07/01 22:06:00,26.5,2022/07/01 21:55:00,50.5,2022/07/03 00:00:00,84,145.4,213.0,629.57,11,14,2022/07/08 13:00:00,5.0,29.5,28.8,28.8,28.1,29.0,31.0,28.4,Hengchhun,2022
08,1005.7,1008.4,1010.4,2022/08/25 21:56:00,1001.2,2022/08/24 03:51:00,28.6,33.4,2022/08/22 13:38:00,24.1,2022/08/03 14:57:00,25.4,2.0,100,15.3,50,2022/08/24 02:35:00,261.0,26.8,18,12.5,2022/08/08 21:23:00,20.5,2022/08/08 21:21:00,50.5,2022/08/03 00:00:00,84,143.6,240.4,665.28,11,13,2022/08/04 13:00:00,5.0,28.7,28.3,28.4,27.8,28.8,29.5,28.7,Hengchhun,2022
09,1004.2,1007.0,1012.3,2022/09/30 21:56:00,990.6,2022/09/03 14:50:00,28.3,33.3,2022/09/15 12:42:00,24.0,2022/09/23 06:05:00,23.4,2.8,40,19.8,280,2022/09/04 03:57:00,42.0,7.4,6,8.0,2022/09/19 13:32:00,16.5,2022/09/19 12:55:00,16.5,2022/09/19 00:00:00,76,158.7,194.0,581.41,9,12,2022/09/04 13:00:00,5.4,27.9,27.1,27.2,26.5,27.7,29.0,28.2,Hengchhun,2022
10,1009.3,1012.1,1015.8,2022/10/25 22:36:00,998.7,2022/10/16 03:38:00,26.7,33.3,2022/10/04 11:39:00,22.6,2022/10/25 23:28:00,21.0,5.6,40,29.7,60,2022/10/18 19:00:00,140.0,35.0,8,6.5,2022/10/17 21:12:00,14.0,2022/10/17 03:28:00,47.5,2022/10/17 00:00:00,71,166.4,196.1,527.45,8,11,2022/10/01 12:00:00,5.5,26.8,25.0,25.1,24.5,25.7,26.9,26.8,Hengchhun,2022
11,1011.2,1014.0,1015.3,2022/11/30 10:06:00,1000.2,2022/11/01 04:21:00,26.1,31.3,2022/11/13 12:02:00,21.5,2022/11/06 00:16:00,21.7,3.4,30,31.3,60,2022/11/01 06:34:00,13.5,6.8,4,3.5,2022/11/23 16:08:00,3.5,2022/11/23 16:08:00,3.5,2022/11/23 00:00:00,77,122.4,173.3,440.28,7,9,2022/11/01 12:00:00,5.2,26.7,24.6,24.6,23.9,24.9,25.1,25.5,Hengchhun,2022
12,1013.4,1016.3,1020.0,2022/12/18 08:23:00,1006.0,2022/12/11 14:57:00,22.1,29.8,2022/12/04 11:49:00,14.8,2022/12/18 18:02:00,15.9,5.0,30,27.0,50,2022/12/11 20:13:00,4.5,18.9,5,1.0,2022/12/18 02:08:00,2.0,2022/12/18 02:08:00,2.5,2022/12/18 00:00:00,68,128.6,164.1,404.39,6,7,2022/12/01 12:00:00,5.0,22.8,21.4,21.5,20.9,22.2,22.2,24.2,Hengchhun,2022
01,1015.4,1018.2,1020.1,2023/01/24 20:57:00,1004.5,2023/01/14 15:19:00,21.1,28.9,2023/01/14 12:42:00,12.7,2023/01/25 02:10:00,15.8,4.5,30,26.7,70,2023/01/25 00:20:00,6.0,24.1,6,1.5,2023/01/23 04:02:00,2.0,2023/01/23 04:02:00,2.5,2023/01/23 00:00:00,72,121.4,165.9,431.40,6,8,2023/01/31 13:00:00,5.5,21.9,20.5,20.5,19.9,21.1,20.9,22.7,Hengchhun,2023
02,1014.6,1017.5,1024.8,2023/02/26 21:17:00,1007.7,2023/02/06 15:08:00,22.3,30.3,2023/02/13 11:56:00,16.2,2023/02/27 00:40:00,16.5,4.5,30,26.3,360,2023/02/21 11:17:00,6.0,16.9,2,1.5,2023/02/18 08:26:00,2.0,2023/02/18 08:26:00,4.5,2023/02/18 00:00:00,71,134.4,179.9,475.12,8,10,2023/02/28 13:00:00,4.3,23.3,21.5,21.5,20.8,21.9,20.6,22.7,Hengchhun,2023
03,1013.4,1016.2,1021.6,2023/03/02 20:31:00,1005.0,2023/03/22 03:47:00,23.3,31.5,2023/03/25 12:52:00,15.1,2023/03/04 06:22:00,16.7,3.1,30,25.5,40,2023/03/13 04:09:00,0.5,3.5,1,0.5,2023/03/29 18:21:00,0.5,2023/03/29 18:21:00,0.5,2023/03/29 00:00:00,68,172.2,231.3,611.96,8,11,2023/03/25 13:00:00,3.7,25.1,23.9,23.8,22.7,23.7,21.7,23.6,Hengchhun,2023
04,1009.4,1012.2,1017.1,2023/04/08 22:20:00,1000.7,2023/04/20 03:45:00,25.4,32.0,2023/04/30 12:31:00,20.1,2023/04/09 23:03:00,20.1,3.0,30,19.9,360,2023/04/08 07:43:00,5.5,4.1,2,1.5,2023/04/25 16:29:00,3.5,2023/04/25 16:24:00,5.0,2023/04/25 00:00:00,73,163.4,155.7,529.55,7,11,2023/04/28 12:00:00,5.7,28.8,26.8,26.7,25.7,26.5,23.5,25.8,Hengchhun,2023
05,1007.2,1010.0,1013.8,2023/05/02 09:34:00,993.0,2023/05/31 15:27:00,26.9,33.3,2023/05/17 14:08:00,21.4,2023/05/16 00:21:00,22.4,2.6,100,17.3,30,2023/05/01 16:56:00,93.0,27.3,11,12.5,2023/05/23 06:06:00,27.0,2023/05/23 04:05:00,61.0,2023/05/23 00:00:00,77,145.9,151.7,557.51,8,12,2023/05/17 12:00:00,6.3,29.2,27.5,27.4,26.6,27.6,22.0,26.8,Hengchhun,2023
06,1005.2,1007.9,1010.8,2023/06/27 22:05:00,992.5,2023/06/01 04:08:00,28.6,33.5,2023/06/11 11:38:00,23.6,2023/06/16 00:53:00,25.2,2.3,280,17.4,330,2023/06/01 11:28:00,290.5,59.9,14,11.0,2023/06/12 05:50:00,28.5,2023/06/15 12:01:00,82.0,2023/06/13 00:00:00,83,150.7,197.5,602.39,10,13,2023/06/27 12:00:00,5.7,30.2,28.9,28.9,28.1,29.0,23.0,27.9,Hengchhun,2023
07,1004.7,1007.4,1010.6,2023/07/02 22:28:00,992.3,2023/07/27 03:55:00,29.2,33.7,2023/07/25 11:12:00,24.1,2023/07/28 07:42:00,25.4,2.9,100,22.5,20,2023/07/26 10:51:00,469.0,67.6,14,19.5,2023/07/16 07:50:00,49.5,2023/07/16 07:18:00,148.5,2023/07/27 00:00:00,81,166.5,242.5,640.87,11,14,2023/07/12 12:00:00,5.5,30.0,29.0,29.0,28.2,29.2,21.4,28.6,Hengchhun,2023
08,1002.3,1005.1,1008.1,2023/08/20 22:03:00,995.7,2023/08/03 03:41:00,28.4,33.8,2023/08/25 12:31:00,23.1,2023/08/18 06:54:00,25.8,2.6,280,20.0,80,2023/08/30 10:14:00,358.0,65.4,23,12.5,2023/08/10 05:29:00,46.0,2023/08/10 05:09:00,70.5,2023/08/30 00:00:00,86,129.2,133.1,485.62,10,14,2023/08/21 12:00:00,7.2,28.6,27.9,28.0,27.2,28.2,24.5,27.9,Hengchhun,2023
09,1005.7,1008.5,1010.6,2023/09/16 09:22:00,985.5,2023/09/03 16:16:00,28.1,33.6,2023/09/25 12:00:00,23.0,2023/09/14 04:11:00,24.5,2.2,60,15.7,310,2023/09/03 14:54:00,299.5,54.9,14,13.5,2023/09/05 02:56:00,34.5,2023/09/05 02:33:00,91.0,2023/09/04 00:00:00,82,120.6,181.5,237.81,9,12,2023/09/22 12:00:00,5.4,28.1,27.1,27.2,26.5,27.5,28.2,27.6,Hengchhun,2023
10,1009.9,1012.7,1016.1,2023/10/22 20:58:00,960.0,2023/10/05 08:20:00,26.9,33.1,2023/10/01 11:10:00,22.9,2023/10/20 05:42:00,22.0,3.6,40,44.1,120,2023/10/05 07:42:00,260.0,52.0,6,13.5,2023/10/06 10:02:00,41.0,2023/10/06 08:03:00,122.5,2023/10/05 00:00:00,75,135.9,160.4,478.19,8,11,2023/10/01 12:00:00,5.9,26.6,25.3,25.4,24.8,25.9,26.7,26.7,Hengchhun,2023
11,1014.3,1017.1,1019.9,2023/11/18 08:52:00,1009.0,2023/11/03 14:13:00,25.0,31.9,2023/11/10 13:04:00,18.5,2023/11/23 06:27:00,18.4,4.2,30,25.4,350,2023/11/13 09:53:00,4.0,9.0,1,1.0,2023/11/16 06:35:00,3.5,2023/11/16 06:35:00,4.0,2023/11/16 00:00:00,68,149.2,229.2,502.49,7,8,2023/11/02 12:00:00,3.7,25.8,23.8,23.9,23.2,24.3,25.1,25.6,Hengchhun,2023
12,1015.6,1018.4,1024.4,2023/12/22 22:01:00,1009.1,2023/12/10 14:14:00,23.2,29.8,2023/12/11 14:01:00,16.8,2023/12/22 07:29:00,17.2,4.7,30,24.8,360,2023/12/16 19:45:00,0.5,15.7,1,0.5,2023/12/14 21:13:00,0.5,2023/12/14 21:13:00,0.5,2023/12/14 00:00:00,69,135.7,137.4,391.31,5,7,2023/12/01 12:00:00,6.5,24.1,22.5,22.6,21.8,22.9,23.8,24.3,Hengchhun,2023
01,1008.7,1018.9,1017.7,2020/01/01 09:33:00,999.6,2020/01/26 13:39:00,18.0,29.0,2020/01/23 12:58:00,6.9,2020/01/31 06:36:00,13.5,1.3,340,12.5,30,2020/01/28 20:11:00,20.0,12.6,1,3.0,2020/01/26 07:41:00,6.0,2020/01/26 08:33:00,20.0,2020/01/26 00:00:00,76,89.0,225.1,418.05,5,6,2020/01/31 13:00:00,3.8,0.0,--,20.0,19.9,19.9,20.3,20.7,Taichung,2020
02,1010.5,1020.6,1017.8,2020/02/21 09:02:00,1001.7,2020/02/15 14:34:00,19.0,30.2,2020/02/26 12:12:00,8.4,2020/02/01 06:31:00,13.5,1.3,350,11.7,350,2020/02/08 14:05:00,4.5,12.8,2,2.0,2020/02/15 18:01:00,2.5,2020/02/15 17:40:00,2.5,2020/02/15 00:00:00,72,82.0,212.5,446.52,5,7,2020/02/25 13:00:00,4.0,0.0,--,20.8,20.2,20.0,20.2,20.4,Taichung,2020
03,1005.3,1015.3,1011.6,2020/03/16 08:59:00,995.5,2020/03/09 14:36:00,22.3,33.2,2020/03/26 13:47:00,14.5,2020/03/15 05:29:00,16.5,1.3,330,11.4,320,2020/03/04 21:38:00,55.0,26.5,6,3.5,2020/03/28 07:10:00,10.5,2020/03/10 05:28:00,23.5,2020/03/10 00:00:00,70,105.6,178.0,480.35,6,8,2020/03/15 13:00:00,6.4,0.0,--,23.8,23.5,23.1,23.4,23.3,Taichung,2020
04,1005.7,1015.7,1010.9,2020/04/02 09:51:00,1000.6,2020/04/19 16:45:00,22.2,32.8,2020/04/19 12:57:00,12.8,2020/04/13 06:04:00,16.1,1.3,350,13.2,340,2020/04/13 14:05:00,59.5,52.5,9,5.5,2020/04/02 05:58:00,11.5,2020/04/02 05:56:00,20.0,2020/04/02 00:00:00,70,100.7,154.5,493.50,6,8,2020/04/12 13:00:00,6.4,0.0,--,23.7,23.6,23.3,23.8,23.9,Taichung,2020
05,999.4,1009.2,1005.0,2020/05/01 08:49:00,992.7,2020/05/17 15:52:00,27.5,36.9,2020/05/10 12:16:00,21.8,2020/05/20 05:02:00,22.4,1.3,220,10.8,190,2020/05/16 16:09:00,306.5,72.1,11,14.0,2020/05/16 16:38:00,29.0,2020/05/27 09:46:00,61.0,2020/05/22 00:00:00,75,121.2,167.2,522.51,7,10,2020/05/17 13:00:00,6.7,0.0,--,29.5,28.8,28.4,28.5,28.4,Taichung,2020
06,999.1,1008.8,1004.7,2020/06/15 00:04:00,994.8,2020/06/12 16:17:00,29.1,35.1,2020/06/29 14:10:00,22.0,2020/06/10 03:22:00,22.9,1.7,200,15.5,260,2020/06/09 16:58:00,183.5,23.5,5,26.0,2020/06/14 14:30:00,91.0,2020/06/14 14:25:00,99.0,2020/06/14 00:00:00,70,121.8,211.9,609.28,10,12,2020/06/13 12:00:00,5.4,0.0,--,29.8,29.7,29.4,29.5,29.6,Taichung,2020
07,998.7,1008.3,1003.0,2020/07/21 09:11:00,993.8,2020/07/14 15:43:00,29.6,36.3,2020/07/31 13:00:00,24.0,2020/07/21 04:14:00,24.3,1.5,190,15.3,250,2020/07/10 12:46:00,93.5,19.8,12,11.0,2020/07/03 16:36:00,18.0,2020/07/03 16:30:00,28.0,2020/07/02 00:00:00,74,137.2,215.1,614.72,10,13,2020/07/12 12:00:00,5.9,0.0,--,30.7,30.6,30.4,30.6,30.8,Taichung,2020
08,997.5,1007.2,1006.0,2020/08/12 21:54:00,991.6,2020/08/25 15:04:00,28.5,35.2,2020/08/25 14:05:00,23.2,2020/08/16 04:09:00,23.5,1.2,190,17.5,170,2020/08/27 12:07:00,278.5,42.1,16,14.0,2020/08/12 16:06:00,50.5,2020/08/03 11:04:00,70.0,2020/08/03 00:00:00,75,112.6,174.5,526.22,9,12,2020/08/06 13:00:00,6.3,0.0,1.0,29.7,29.8,29.7,29.9,30.2,Taichung,2020
09,999.5,1009.2,1005.1,2020/09/19 08:55:00,991.9,2020/09/01 03:36:00,28.1,35.1,2020/09/07 13:35:00,21.7,2020/09/07 05:29:00,22.3,1.3,350,11.1,20,2020/09/21 14:09:00,74.0,8.1,4,14.0,2020/09/13 13:21:00,54.0,2020/09/13 12:54:00,54.5,2020/09/13 00:00:00,71,111.5,198.6,512.50,8,11,2020/09/20 12:00:00,5.5,0.0,1.0,28.7,29.1,29.1,29.3,29.7,Taichung,2020
10,1002.0,1011.8,1008.0,2020/10/29 08:40:00,995.5,2020/10/21 14:44:00,26.1,34.8,2020/10/04 13:28:00,19.7,2020/10/23 07:53:00,20.0,1.7,10,15.4,10,2020/10/22 14:43:00,T,3.6,0,T,2020/10/23 07:40:00,0.0,--,0.0,2020/10/01 00:00:00,69,132.4,220.1,506.06,8,9,2020/10/06 12:00:00,5.0,0.0,1.0,26.9,27.3,27.4,27.6,28.1,Taichung,2020
11,1005.9,1015.8,1011.0,2020/11/28 09:21:00,998.4,2020/11/06 15:30:00,23.9,33.7,2020/11/21 13:38:00,18.1,2020/11/11 06:08:00,18.5,1.4,350,10.6,360,2020/11/03 13:51:00,3.5,16.5,2,0.5,2020/11/07 18:01:00,1.0,2020/11/13 16:00:00,3.0,2020/11/13 00:00:00,72,91.3,182.9,376.24,5,7,2020/11/11 12:00:00,4.9,0.0,1.0,25.0,25.4,25.5,25.7,26.2,Taichung,2020
12,1007.3,1017.4,1015.8,2020/12/31 09:37:00,1000.7,2020/12/28 15:16:00,19.5,28.5,2020/12/28 14:25:00,9.1,2020/12/31 08:08:00,15.2,1.8,10,15.6,10,2020/12/30 11:01:00,41.5,36.0,6,5.0,2020/12/09 10:47:00,11.0,2020/12/09 10:16:00,28.5,2020/12/09 00:00:00,77,81.4,156.2,338.25,5,6,2020/12/28 12:00:00,6.6,21.3,21.9,22.1,22.5,23.0,23.6,24.8,Taichung,2020
01,1008.8,1019.1,1015.2,2021/01/01 08:58:00,999.0,2021/01/22 15:01:00,16.0,30.4,2021/01/21 13:15:00,6.7,2021/01/13 05:02:00,10.3,1.5,20,12.2,20,2021/01/28 12:48:00,5.0,16.8,3,0.5,2021/01/11 03:07:00,1.0,2021/01/11 03:07:00,3.5,2021/01/12 00:00:00,71,74.9,225.9,449.75,6,8,2021/01/31 13:00:00,3.6,0.0,1.0,17.0,16.9,17.3,18.8,19.2,Taichung,2021
02,1006.6,1016.7,1014.7,2021/02/19 09:25:00,998.1,2021/02/26 15:50:00,19.0,28.5,2021/02/26 11:55:00,12.0,2021/02/19 02:14:00,12.9,1.3,360,12.4,320,2021/02/17 14:10:00,23.5,12.1,2,2.0,2021/02/11 04:06:00,7.5,2021/02/11 03:48:00,20.0,2021/02/11 00:00:00,70,84.4,229.9,498.79,7,9,2021/02/13 13:00:00,2.9,0.0,1.0,19.9,19.5,19.8,20.9,21.1,Taichung,2021
03,1005.6,1015.6,1012.5,2021/03/22 09:39:00,995.6,2021/03/29 16:18:00,21.5,31.4,2021/03/28 12:06:00,12.7,2021/03/22 16:30:00,16.2,1.4,340,12.6,10,2021/03/21 16:35:00,29.0,16.7,3,9.5,2021/03/06 23:02:00,11.5,2021/03/06 22:55:00,15.0,2021/03/24 00:00:00,73,109.0,213.1,541.21,7,10,2021/03/25 12:00:00,4.9,0.0,1.0,22.7,22.2,22.5,23.4,23.5,Taichung,2021
04,1003.3,1013.3,1010.4,2021/04/11 08:02:00,994.9,2021/04/23 16:09:00,23.9,32.5,2021/04/02 13:06:00,17.3,2021/04/06 06:10:00,17.8,1.5,360,11.6,360,2021/04/23 15:11:00,8.0,9.1,2,1.5,2021/04/29 09:06:00,3.0,2021/04/29 08:54:00,7.5,2021/04/29 00:00:00,70,118.2,175.7,541.79,8,11,2021/04/23 13:00:00,5.3,0.0,1.0,25.9,25.3,25.6,26.4,26.4,Taichung,2021
05,1000.5,1010.2,1006.5,2021/05/06 07:20:00,994.4,2021/05/30 16:52:00,28.8,37.0,2021/05/16 12:39:00,19.9,2021/05/02 05:24:00,22.5,1.7,200,10.9,200,2021/05/29 15:51:00,235.0,21.1,2,15.5,2021/05/30 17:29:00,43.5,2021/05/30 16:39:00,171.5,2021/05/30 00:00:00,70,147.4,223.8,667.39,9,11,2021/05/27 12:00:00,5.4,0.0,1.0,30.7,29.8,30.0,30.5,30.3,Taichung,2021
06,997.6,1007.4,1003.4,2021/06/12 21:42:00,992.3,2021/06/04 15:07:00,27.8,35.0,2021/06/03 13:39:00,23.2,2021/06/09 05:03:00,24.0,1.4,200,12.0,240,2021/06/12 18:27:00,645.5,95.4,20,13.0,2021/06/21 03:53:00,56.0,2021/06/21 03:24:00,197.5,2021/06/21 00:00:00,81,88.6,122.3,483.21,9,13,2021/06/17 12:00:00,7.6,0.0,1.0,28.5,28.0,28.3,29.2,29.3,Taichung,2021
07,995.5,1005.2,1004.1,2021/07/07 22:40:00,982.6,2021/07/23 17:21:00,29.0,35.0,2021/07/05 14:38:00,22.5,2021/07/13 18:16:00,24.4,1.6,200,15.3,40,2021/07/23 13:24:00,132.0,37.2,11,11.5,2021/07/26 10:35:00,23.5,2021/07/13 17:30:00,28.5,2021/07/23 00:00:00,77,110.9,179.2,607.15,8,12,2021/07/05 13:00:00,6.0,0.0,1.0,29.4,29.0,29.3,30.2,30.2,Taichung,2021
08,997.8,1007.5,1004.7,2021/08/16 07:31:00,984.9,2021/08/07 03:29:00,27.8,34.6,2021/08/29 13:26:00,23.0,2021/08/26 05:34:00,24.1,1.3,190,14.3,190,2021/08/06 23:36:00,813.0,104.2,16,19.0,2021/08/10 14:56:00,61.0,2021/08/10 14:49:00,204.5,2021/08/01 00:00:00,81,105.9,166.8,517.70,7,10,2021/08/17 13:00:00,6.6,0.0,1.0,28.5,28.1,28.5,29.4,29.4,Taichung,2021
09,999.8,1009.5,1005.9,2021/09/23 23:22:00,984.3,2021/09/12 02:28:00,29.0,34.7,2021/09/09 13:56:00,23.5,2021/09/03 21:42:00,23.7,1.2,350,10.9,340,2021/09/12 14:36:00,42.5,13.1,6,7.0,2021/09/12 08:43:00,14.0,2021/09/12 08:27:00,24.0,2021/09/12 00:00:00,74,104.5,207.0,551.55,7,10,2021/09/07 13:00:00,4.8,0.0,1.0,29.2,28.8,29.3,30.3,30.4,Taichung,2021
10,1002.4,1012.3,1009.9,2021/10/30 08:52:00,984.9,2021/10/12 03:26:00,26.7,34.2,2021/10/06 13:16:00,20.9,2021/10/23 00:50:00,20.9,1.4,360,12.4,50,2021/10/11 19:36:00,11.0,15.5,4,1.0,2021/10/13 08:09:00,3.0,2021/10/13 07:38:00,7.0,2021/10/13 00:00:00,71,104.4,198.3,496.54,6,8,2021/10/21 12:00:00,5.4,0.0,1.0,27.0,26.7,27.2,28.5,28.7,Taichung,2021
11,1005.7,1015.7,1011.0,2021/11/12 08:29:00,998.6,2021/11/19 15:55:00,22.4,32.3,2021/11/07 13:15:00,13.6,2021/11/11 05:18:00,16.9,1.4,20,13.7,20,2021/11/22 12:13:00,5.5,11.3,3,3.0,2021/11/08 06:06:00,3.5,2021/11/08 06:06:00,3.5,2021/11/08 00:00:00,72,79.6,150.7,398.92,5,7,2021/11/08 12:00:00,5.7,0.0,1.0,23.4,23.1,23.7,25.1,25.5,Taichung,2021
12,1009.5,1019.6,1017.0,2021/12/27 08:35:00,1001.6,2021/12/21 14:23:00,18.8,28.2,2021/12/15 13:13:00,10.9,2021/12/04 05:53:00,13.1,1.7,360,12.0,350,2021/12/17 11:23:00,19.0,25.5,3,2.0,2021/12/21 11:44:00,4.0,2021/12/21 16:56:00,17.0,2021/12/21 00:00:00,71,77.7,199.9,415.45,4,6,2021/12/01 12:00:00,4.2,19.9,19.7,20.2,21.8,22.2,21.4,24.2,Taichung,2021
01,1007.8,1018.0,1015.9,2022/01/01 08:51:00,999.9,2022/01/29 15:08:00,17.9,27.6,2022/01/27 12:13:00,10.0,2022/01/31 05:56:00,13.7,1.6,360,14.1,20,2022/01/30 13:50:00,30.0,36.7,7,2.0,2022/01/06 16:01:00,5.0,2022/01/22 16:50:00,8.0,2022/01/21 00:00:00,78,66.6,164.4,394.78,5,6,2022/01/26 13:00:00,5.3,18.7,18.5,19.0,20.3,20.7,19.8,22.4,Taichung,2022
02,1008.2,1018.4,1014.7,2022/02/25 08:23:00,1001.4,2022/02/13 15:04:00,16.8,27.8,2022/02/28 13:00:00,10.2,2022/02/21 03:33:00,13.4,1.6,350,12.9,10,2022/02/19 17:29:00,122.5,108.8,13,3.0,2022/02/13 22:17:00,7.0,2022/02/13 21:33:00,29.0,2022/02/23 00:00:00,81,56.9,129.6,366.67,5,8,2022/02/26 13:00:00,6.4,18.0,17.7,18.1,19.4,19.8,18.9,21.5,Taichung,2022
03,1004.1,1014.1,1009.8,2022/03/28 22:35:00,997.0,2022/03/17 16:37:00,21.5,30.7,2022/03/21 14:21:00,10.2,2022/03/08 04:51:00,16.8,1.3,340,14.5,20,2022/03/07 17:39:00,149.0,57.4,11,8.5,2022/03/28 05:58:00,24.5,2022/03/28 05:14:00,52.0,2022/03/28 00:00:00,76,86.1,198.1,528.50,7,10,2022/03/25 13:00:00,5.1,21.7,21.3,21.7,22.6,22.8,21.7,22.8,Taichung,2022
04,1003.5,1013.5,1011.9,2022/04/05 08:21:00,995.2,2022/04/13 15:25:00,23.5,33.2,2022/04/26 14:01:00,12.6,2022/04/04 05:08:00,18.2,1.5,360,11.0,40,2022/04/01 12:41:00,40.5,36.9,6,1.0,2022/04/02 14:38:00,3.5,2022/04/02 18:14:00,19.5,2022/04/02 00:00:00,73,113.5,185.2,594.44,8,10,2022/04/04 12:00:00,5.6,24.0,23.4,23.7,24.6,24.7,23.6,24.2,Taichung,2022
05,1000.2,1010.1,1005.4,2022/05/03 09:53:00,994.3,2022/05/26 18:30:00,24.6,32.7,2022/05/29 13:53:00,15.9,2022/05/02 06:20:00,21.4,1.2,360,12.1,190,2022/05/26 14:10:00,465.5,110.2,17,16.5,2022/05/27 17:22:00,59.5,2022/05/27 16:53:00,168.0,2022/05/27 00:00:00,83,62.2,95.0,449.01,7,10,2022/05/28 12:00:00,8.5,25.4,24.9,25.2,26.1,26.2,25.1,25.8,Taichung,2022
06,998.6,1008.3,1003.3,2022/06/23 21:51:00,992.9,2022/06/30 16:04:00,28.0,34.6,2022/06/23 12:13:00,22.6,2022/06/30 04:43:00,23.4,1.4,190,11.9,260,2022/06/25 13:13:00,250.0,45.0,14,12.5,2022/06/07 13:10:00,45.0,2022/06/29 15:21:00,58.5,2022/06/29 00:00:00,77,94.6,143.8,541.95,9,13,2022/06/26 13:00:00,7.9,27.9,27.4,27.6,28.4,28.4,27.2,27.3,Taichung,2022
07,997.6,1007.3,1003.4,2022/07/20 22:53:00,992.1,2022/07/30 16:08:00,29.4,35.2,2022/07/25 12:33:00,23.8,2022/07/06 04:03:00,24.3,1.4,200,10.8,230,2022/07/04 14:46:00,90.0,15.3,10,11.0,2022/07/02 12:45:00,30.0,2022/07/02 12:45:00,34.0,2022/07/02 00:00:00,75,105.9,179.4,586.42,10,12,2022/07/20 12:00:00,6.5,29.3,28.8,29.1,29.9,29.9,28.7,28.5,Taichung,2022
08,998.6,1008.3,1003.7,2022/08/25 22:21:00,993.5,2022/08/23 16:47:00,28.9,35.4,2022/08/27 13:48:00,23.6,2022/08/05 05:19:00,24.1,1.2,350,11.3,260,2022/08/03 18:44:00,278.0,21.1,11,20.5,2022/08/29 16:31:00,74.5,2022/08/29 16:27:00,91.0,2022/08/29 00:00:00,76,105.5,197.2,602.45,10,14,2022/08/05 12:00:00,5.9,29.0,28.6,29.0,29.9,30.0,28.9,28.9,Taichung,2022
09,997.5,1007.3,1005.0,2022/09/08 08:56:00,985.3,2022/09/03 14:06:00,27.9,33.5,2022/09/19 12:57:00,22.6,2022/09/23 05:27:00,22.0,1.5,360,20.0,20,2022/09/01 21:48:00,85.0,16.1,7,12.0,2022/09/04 05:53:00,29.5,2022/09/04 01:17:00,54.0,2022/09/04 00:00:00,72,115.3,210.2,564.07,9,12,2022/09/11 13:00:00,5.1,27.3,27.1,27.5,28.7,28.9,27.8,28.2,Taichung,2022
10,1002.7,1012.5,1008.1,2022/10/25 08:54:00,992.5,2022/10/16 15:38:00,25.7,33.5,2022/10/06 12:56:00,20.1,2022/10/26 06:02:00,19.8,1.7,20,11.4,10,2022/10/31 17:58:00,11.5,15.7,4,1.0,2022/10/16 10:34:00,4.0,2022/10/16 10:34:00,6.0,2022/10/16 00:00:00,71,103.2,188.3,486.41,8,10,2022/10/17 13:00:00,5.6,25.6,25.4,25.8,27.1,27.4,26.4,27.5,Taichung,2022
11,1004.6,1014.5,1009.0,2022/11/06 09:19:00,994.3,2022/11/01 13:51:00,24.6,33.2,2022/11/03 12:41:00,19.6,2022/11/06 05:51:00,20.3,1.2,360,9.7,330,2022/11/30 14:26:00,19.5,12.8,4,3.0,2022/11/23 12:04:00,10.0,2022/11/23 11:29:00,13.0,2022/11/23 00:00:00,78,82.9,184.9,424.33,7,9,2022/11/01 12:00:00,5.4,24.7,24.4,24.8,25.9,26.2,25.2,26.7,Taichung,2022
12,1007.6,1017.8,1014.9,2022/12/18 08:29:00,999.0,2022/12/10 14:41:00,17.8,28.1,2022/12/03 12:52:00,8.2,2022/12/25 06:23:00,11.8,1.9,20,17.3,30,2022/12/17 10:26:00,16.5,8.5,3,2.0,2022/12/17 04:48:00,6.5,2022/12/17 03:57:00,11.0,2022/12/17 00:00:00,69,74.5,208.5,429.47,6,7,2022/12/01 12:00:00,4.4,18.8,18.8,19.3,21.0,21.6,20.7,24.0,Taichung,2022
01,1009.1,1019.3,1014.6,2023/01/24 09:22:00,997.6,2023/01/14 15:29:00,17.5,29.6,2023/01/14 13:17:00,8.0,2023/01/29 06:41:00,12.4,1.7,360,14.4,30,2023/01/24 08:29:00,5.0,10.6,2,0.5,2023/01/10 01:23:00,1.5,2023/01/02 07:26:00,4.5,2023/01/02 00:00:00,73,77.7,186.5,428.76,6,8,2023/01/24 13:00:00,5.1,18.7,18.5,19.0,20.3,20.7,19.8,22.2,Taichung,2023
02,1008.4,1018.5,1018.7,2023/02/26 09:19:00,1000.6,2023/02/13 14:10:00,18.3,33.2,2023/02/13 14:16:00,11.4,2023/02/01 03:19:00,12.9,1.7,360,12.2,40,2023/02/24 14:51:00,7.5,3.7,1,1.5,2023/02/06 08:39:00,5.0,2023/02/06 08:20:00,7.5,2023/02/06 00:00:00,72,85.6,174.3,440.76,8,10,2023/02/23 13:00:00,5.0,19.5,19.2,19.6,20.8,21.1,20.1,22.1,Taichung,2023
03,1006.8,1016.8,1015.4,2023/03/04 08:58:00,996.9,2023/03/22 15:20:00,20.8,32.2,2023/03/23 13:38:00,12.5,2023/03/06 06:09:00,14.1,1.5,360,10.3,350,2023/03/02 15:23:00,19.5,11.3,3,3.5,2023/03/26 02:50:00,9.5,2023/03/26 02:25:00,16.5,2023/03/26 00:00:00,68,112.1,222.7,549.74,8,11,2023/03/23 12:00:00,4.3,21.8,21.3,21.6,22.7,22.9,21.9,23.1,Taichung,2023
04,1002.3,1012.3,1009.9,2023/04/08 09:54:00,992.7,2023/04/20 04:04:00,23.9,32.2,2023/04/16 14:26:00,17.8,2023/04/01 06:20:00,18.6,1.3,340,9.7,10,2023/04/07 10:53:00,188.5,24.1,6,12.0,2023/04/20 08:43:00,37.5,2023/04/20 06:11:00,137.0,2023/04/20 00:00:00,73,101.0,150.5,490.08,8,10,2023/04/09 13:00:00,6.2,23.9,23.5,23.7,24.6,24.7,23.6,24.5,Taichung,2023
05,1000.1,1009.9,1006.9,2023/05/02 08:19:00,986.5,2023/05/31 16:26:00,26.4,35.9,2023/05/30 14:08:00,19.3,2023/05/08 06:16:00,21.3,1.4,360,14.5,10,2023/05/31 15:48:00,178.5,26.3,9,14.0,2023/05/23 01:23:00,18.5,2023/05/23 01:23:00,91.5,2023/05/07 00:00:00,74,116.2,145.4,536.80,9,12,2023/05/06 13:00:00,7.2,26.3,25.9,26.1,27.0,27.0,25.9,26.3,Taichung,2023
06,998.1,1007.8,1003.3,2023/06/17 22:12:00,987.8,2023/06/01 03:49:00,28.7,34.5,2023/06/24 12:34:00,24.2,2023/06/30 01:17:00,24.1,1.4,200,12.6,280,2023/06/30 13:25:00,162.5,25.5,15,14.5,2023/06/03 15:34:00,48.5,2023/06/03 15:13:00,52.0,2023/06/03 00:00:00,77,106.7,151.8,549.46,10,13,2023/06/24 12:00:00,7.5,28.7,28.4,28.6,29.4,29.4,28.3,28.4,Taichung,2023
07,997.6,1007.3,1003.6,2023/07/02 22:19:00,984.1,2023/07/28 05:25:00,29.3,35.8,2023/07/08 12:46:00,23.7,2023/07/19 03:53:00,24.0,1.3,190,10.4,100,2023/07/11 16:32:00,193.0,30.3,14,15.0,2023/07/29 17:04:00,65.5,2023/07/29 16:46:00,95.0,2023/07/29 00:00:00,74,114.9,189.5,599.57,11,13,2023/07/19 13:00:00,7.0,29.1,28.8,29.1,30.1,30.2,29.1,29.5,Taichung,2023
08,995.3,1005.0,1001.2,2023/08/20 09:42:00,988.3,2023/08/30 15:29:00,28.8,34.7,2023/08/30 11:32:00,23.3,2023/08/19 00:41:00,24.5,1.4,180,12.5,280,2023/08/11 17:01:00,307.5,41.0,16,14.0,2023/08/25 23:33:00,33.5,2023/08/18 16:10:00,61.0,2023/08/18 00:00:00,79,95.0,154.4,508.92,9,13,2023/08/02 13:00:00,7.4,28.6,28.2,28.6,29.5,29.6,28.5,29.2,Taichung,2023
09,998.5,1008.3,1004.0,2023/09/16 08:46:00,976.6,2023/09/03 18:24:00,28.2,33.8,2023/09/22 13:14:00,23.8,2023/09/10 02:45:00,24.1,1.0,340,12.5,270,2023/09/05 15:02:00,261.0,38.0,10,12.0,2023/09/05 15:08:00,36.5,2023/09/05 14:59:00,91.5,2023/09/05 00:00:00,79,86.0,143.0,401.58,7,9,2023/09/06 13:00:00,7.2,28.1,27.8,28.1,29.2,29.3,28.4,28.4,Taichung,2023
10,1003.3,1013.1,1009.1,2023/10/22 09:10:00,985.3,2023/10/05 13:27:00,26.4,34.8,2023/10/01 14:32:00,21.2,2023/10/31 06:10:00,21.2,1.4,360,17.7,360,2023/10/04 19:53:00,60.0,6.7,2,9.5,2023/10/06 14:24:00,22.5,2023/10/06 16:18:00,48.0,2023/10/06 00:00:00,74,107.2,168.5,464.55,6,9,2023/10/08 12:00:00,6.3,26.4,26.2,26.7,28.0,28.2,27.3,27.9,Taichung,2023
11,1007.8,1017.7,1013.6,2023/11/14 09:23:00,1002.1,2023/11/03 15:08:00,23.1,32.4,2023/11/06 12:36:00,13.4,2023/11/19 04:09:00,16.6,1.3,360,14.2,30,2023/11/17 00:23:00,1.5,1.0,1,1.0,2023/11/29 18:50:00,1.0,2023/11/29 18:50:00,1.5,2023/11/29 00:00:00,68,98.3,232.9,468.30,6,7,2023/11/06 12:00:00,3.5,23.4,23.2,23.8,25.3,25.7,24.8,26.5,Taichung,2023
12,1009.6,1019.7,1018.9,2023/12/22 09:01:00,1001.4,2023/12/10 14:39:00,19.9,30.9,2023/12/10 12:33:00,10.2,2023/12/22 06:19:00,14.7,1.5,20,11.6,350,2023/12/16 11:14:00,12.5,14.9,3,1.0,2023/12/28 06:30:00,3.5,2023/12/28 05:56:00,9.5,2023/12/28 00:00:00,73,68.6,160.3,351.27,4,6,2023/12/19 12:00:00,5.2,20.6,20.4,20.9,22.5,22.9,22.1,24.6,Taichung,2023
01,1016.5,1020.1,1026.2,2020/01/01 09:37:00,1006.3,2020/01/26 15:02:00,17.9,29.4,2020/01/23 14:01:00,7.1,2020/01/31 05:08:00,13.2,2.3,100,16.5,70,2020/01/08 14:25:00,38.6,48.9,10,2.5,2020/01/26 07:39:00,7.0,2020/01/26 08:21:00,24.5,2020/01/26 00:00:00,75,52.7,113.2,306.90,4,6,2020/01/30 13:00:00,7.2,0.0,--,,,,,,Taipei,2020
02,1018.4,1022.0,1027.4,2020/02/17 20:29:00,1008.6,2020/02/15 14:50:00,18.7,31.6,2020/02/26 12:26:00,8.5,2020/02/01 05:35:00,13.2,2.3,100,16.3,110,2020/02/22 12:28:00,29.6,49.0,8,2.7,2020/02/07 06:27:00,3.6,2020/02/05 00:38:00,8.1,2020/02/04 00:00:00,72,61.8,126.0,364.83,5,8,2020/02/15 13:00:00,6.7,0.0,--,,,,,,Taipei,2020
03,1012.7,1016.3,1021.0,2020/03/05 09:46:00,1001.9,2020/03/09 15:12:00,20.8,34.2,2020/03/26 12:58:00,13.0,2020/03/15 05:53:00,15.8,2.4,100,14.7,120,2020/03/16 12:43:00,245.5,90.4,17,9.0,2020/03/28 08:16:00,23.5,2020/03/10 02:31:00,67.0,2020/03/13 00:00:00,75,65.8,87.1,364.91,5,9,2020/03/16 13:00:00,7.6,0.0,--,,,,,,Taipei,2020
04,1013.5,1017.1,1019.2,2020/04/04 21:13:00,1006.0,2020/04/19 15:45:00,20.9,33.6,2020/04/30 11:46:00,10.3,2020/04/13 05:24:00,15.3,2.5,100,15.9,70,2020/04/22 13:43:00,87.9,98.9,15,4.2,2020/04/02 04:27:00,6.5,2020/04/11 15:31:00,16.1,2020/04/23 00:00:00,73,70.3,93.6,367.41,5,9,2020/04/30 12:00:00,7.8,0.0,--,,,,,,Taipei,2020
05,1005.5,1009.0,1012.0,2020/05/13 08:36:00,998.3,2020/05/18 03:11:00,26.9,36.6,2020/05/09 12:43:00,21.8,2020/05/19 11:31:00,22.1,1.8,100,13.9,290,2020/05/18 11:06:00,405.8,112.5,15,9.5,2020/05/29 15:40:00,24.0,2020/05/21 18:26:00,120.0,2020/05/28 00:00:00,77,109.1,107.2,477.51,7,12,2020/05/24 13:00:00,7.8,0.0,--,,,,,,Taipei,2020
06,1004.1,1007.6,1010.9,2020/06/14 21:51:00,998.7,2020/06/21 17:02:00,30.5,38.9,2020/06/29 13:15:00,24.8,2020/06/02 03:52:00,23.3,1.6,280,14.5,70,2020/06/26 14:00:00,117.9,37.6,8,19.5,2020/06/14 16:33:00,50.5,2020/06/14 16:25:00,79.8,2020/06/14 00:00:00,68,139.1,150.6,609.14,9,13,2020/06/04 12:00:00,7.6,0.0,--,,,,,,Taipei,2020
07,1004.0,1007.4,1008.7,2020/07/21 09:08:00,998.2,2020/07/09 14:42:00,30.9,39.7,2020/07/24 14:19:00,24.6,2020/07/02 17:50:00,23.4,1.8,180,14.3,150,2020/07/29 17:33:00,133.5,21.1,9,12.0,2020/07/19 14:27:00,34.5,2020/07/26 14:42:00,57.5,2020/07/02 00:00:00,67,152.6,160.3,626.92,10,13,2020/07/31 13:00:00,7.3,0.0,--,,,,,,Taipei,2020
08,1003.3,1006.8,1011.9,2020/08/12 21:03:00,995.4,2020/08/25 14:54:00,30.2,38.5,2020/08/25 13:40:00,25.1,2020/08/04 03:17:00,23.5,2.0,80,15.4,140,2020/08/21 15:04:00,322.5,44.5,13,19.0,2020/08/27 14:45:00,59.5,2020/08/27 14:32:00,95.5,2020/08/27 00:00:00,70,144.1,193.5,615.97,9,13,2020/08/01 12:00:00,6.7,0.0,1.0,,,,,,Taipei,2020
09,1006.3,1009.7,1010.9,2020/09/27 08:53:00,997.4,2020/09/01 03:24:00,27.8,37.6,2020/09/02 12:44:00,20.5,2020/09/30 05:36:00,22.0,1.9,80,12.7,130,2020/09/04 16:53:00,129.5,52.5,15,6.0,2020/09/01 05:10:00,12.0,2020/09/24 21:32:00,39.5,2020/09/27 00:00:00,73,107.9,133.1,467.45,7,10,2020/09/02 12:00:00,7.4,0.0,1.0,,,,,,Taipei,2020
10,1011.2,1014.7,1018.5,2020/10/30 09:27:00,1002.8,2020/10/04 14:38:00,24.5,35.9,2020/10/04 12:45:00,18.7,2020/10/23 08:06:00,20.0,3.5,80,16.3,80,2020/10/24 11:44:00,25.5,50.1,11,1.0,2020/10/11 23:47:00,3.0,2020/10/12 00:02:00,7.5,2020/10/13 00:00:00,77,71.3,83.0,333.58,5,10,2020/10/12 12:00:00,7.7,0.0,1.0,,,,,,Taipei,2020
11,1015.0,1018.6,1022.3,2020/11/30 09:06:00,1006.3,2020/11/06 15:26:00,23.3,32.8,2020/11/18 13:23:00,17.9,2020/11/29 22:27:00,18.6,3.4,80,16.2,130,2020/11/07 00:37:00,21.5,28.0,10,3.5,2020/11/13 20:22:00,5.5,2020/11/13 19:38:00,11.0,2020/11/13 00:00:00,76,64.1,88.0,302.85,5,7,2020/11/01 12:00:00,7.6,0.0,1.0,,,,,,Taipei,2020
12,1016.8,1020.4,1027.3,2020/12/31 08:37:00,1008.3,2020/12/29 14:22:00,18.1,26.4,2020/12/29 11:38:00,7.6,2020/12/31 06:10:00,16.0,2.8,80,15.0,100,2020/12/28 13:50:00,145.0,124.6,24,2.0,2020/12/09 07:50:00,6.0,2020/12/11 11:03:00,27.0,2020/12/09 00:00:00,88,29.8,16.9,168.42,3,5,2020/12/13 12:00:00,9.3,--,--,,,,,,Taipei,2020
01,1017.4,1021.1,1024.7,2021/01/17 09:28:00,1006.0,2021/01/22 14:43:00,16.0,29.8,2021/01/21 14:37:00,6.8,2021/01/13 04:20:00,11.4,2.3,100,16.4,130,2021/01/29 13:32:00,41.0,89.0,10,1.5,2021/01/28 14:19:00,3.5,2021/01/28 14:19:00,14.5,2021/01/11 00:00:00,75,48.7,124.5,307.17,5,8,2021/01/30 13:00:00,6.5,0.0,1.0,,,,,,Taipei,2021
02,1014.2,1017.8,1026.1,2021/02/18 09:02:00,1004.5,2021/02/11 02:29:00,19.1,28.4,2021/02/25 10:56:00,11.9,2021/02/20 06:14:00,13.9,2.2,100,13.9,110,2021/02/09 12:25:00,46.5,46.8,7,3.0,2021/02/11 04:45:00,9.5,2021/02/11 04:27:00,23.5,2021/02/11 00:00:00,74,63.0,150.6,371.69,6,8,2021/02/10 13:00:00,5.8,0.0,1.0,,,,,,Taipei,2021
03,1013.1,1016.7,1023.7,2021/03/22 10:17:00,1001.8,2021/03/29 15:59:00,20.3,30.4,2021/03/30 12:26:00,11.9,2021/03/22 12:45:00,17.0,2.0,100,19.5,320,2021/03/06 08:35:00,77.5,62.1,8,4.5,2021/03/06 13:41:00,11.5,2021/03/06 13:36:00,33.5,2021/03/06 00:00:00,83,72.2,110.1,379.77,6,10,2021/03/13 12:00:00,7.2,0.0,1.0,,,,,,Taipei,2021
04,1011.1,1014.6,1018.8,2021/04/05 07:29:00,1001.5,2021/04/22 15:32:00,22.4,30.9,2021/04/02 12:13:00,15.9,2021/04/30 02:44:00,17.8,2.4,100,18.4,70,2021/04/18 09:40:00,60.0,36.7,4,5.0,2021/04/29 04:30:00,20.5,2021/04/29 03:58:00,39.5,2021/04/29 00:00:00,77,108.8,133.1,470.78,8,12,2021/04/21 12:00:00,7.1,0.0,1.0,,,,,,Taipei,2021
05,1006.3,1009.8,1014.3,2021/05/05 20:37:00,999.7,2021/05/30 13:02:00,28.2,38.2,2021/05/28 12:25:00,19.8,2021/05/05 20:21:00,23.0,1.7,300,14.6,80,2021/05/05 08:21:00,119.5,29.7,6,8.0,2021/05/30 14:33:00,17.0,2021/05/30 13:49:00,50.5,2021/05/31 00:00:00,74,120.0,141.3,531.82,9,12,2021/05/28 12:00:00,7.7,0.0,1.0,,,,,,Taipei,2021
06,1002.7,1006.1,1009.0,2021/06/12 22:54:00,995.8,2021/06/20 16:45:00,29.3,37.0,2021/06/18 14:54:00,21.8,2021/06/05 20:59:00,23.8,2.0,260,17.3,280,2021/06/16 11:44:00,316.5,55.0,10,23.0,2021/06/04 14:11:00,71.5,2021/06/04 13:25:00,156.0,2021/06/04 00:00:00,74,126.0,152.4,525.95,8,12,2021/06/16 13:00:00,7.9,0.0,1.0,,,,,,Taipei,2021
07,1001.2,1004.6,1010.0,2021/07/08 07:56:00,987.8,2021/07/24 03:57:00,30.3,37.8,2021/07/25 12:29:00,24.9,2021/07/24 06:48:00,24.4,2.0,170,17.5,300,2021/07/24 04:29:00,288.0,54.9,13,17.5,2021/07/31 13:01:00,45.5,2021/07/24 05:53:00,87.5,2021/07/24 00:00:00,72,143.9,217.2,628.22,9,12,2021/07/01 12:00:00,6.9,0.0,1.0,,,,,,Taipei,2021
08,1003.5,1007.0,1010.4,2021/08/16 07:48:00,991.4,2021/08/07 05:01:00,28.9,35.1,2021/08/13 11:38:00,24.3,2021/08/19 15:45:00,24.7,1.5,170,13.0,90,2021/08/13 14:06:00,409.0,54.9,17,25.0,2021/08/10 13:02:00,63.5,2021/08/10 12:57:00,132.0,2021/08/07 00:00:00,79,107.9,165.6,516.29,8,11,2021/08/12 12:00:00,7.2,0.0,1.0,,,,,,Taipei,2021
09,1006.1,1009.6,1012.5,2021/09/23 21:29:00,989.1,2021/09/12 12:58:00,29.5,35.4,2021/09/01 12:59:00,23.7,2021/09/29 05:52:00,23.7,2.2,90,17.6,120,2021/09/11 23:41:00,181.5,21.2,8,13.0,2021/09/16 11:26:00,25.0,2021/09/12 13:07:00,87.5,2021/09/12 00:00:00,72,144.3,225.4,576.86,8,11,2021/09/10 12:00:00,5.1,0.0,1.0,,,,,,Taipei,2021
10,1011.0,1014.5,1019.7,2021/10/17 08:25:00,997.3,2021/10/12 03:23:00,25.7,33.8,2021/10/04 12:01:00,19.1,2021/10/22 22:22:00,20.9,2.7,90,18.6,80,2021/10/11 21:47:00,245.0,103.9,12,13.5,2021/10/11 22:51:00,18.0,2021/10/11 11:30:00,91.0,2021/10/11 00:00:00,76,99.3,124.5,388.30,5,9,2021/10/09 12:00:00,7.1,0.0,1.0,,,,,,Taipei,2021
11,1014.0,1017.6,1021.0,2021/11/27 09:19:00,1005.5,2021/11/06 13:57:00,21.2,29.7,2021/11/05 11:14:00,13.9,2021/11/11 03:08:00,17.0,2.4,90,14.8,90,2021/11/29 14:57:00,70.0,73.7,12,11.0,2021/11/08 05:41:00,16.0,2021/11/08 05:39:00,23.0,2021/11/08 00:00:00,78,52.0,64.7,241.80,3,7,2021/11/07 12:00:00,7.9,0.0,1.0,,,,,,Taipei,2021
12,1018.5,1022.2,1027.7,2021/12/26 09:19:00,1008.6,2021/12/21 15:06:00,18.3,27.2,2021/12/15 13:45:00,12.3,2021/12/27 06:18:00,13.9,2.3,90,14.5,30,2021/12/17 20:42:00,54.0,93.3,9,1.5,2021/12/06 19:34:00,6.0,2021/12/06 20:47:00,18.0,2021/12/06 00:00:00,77,50.7,83.0,241.26,3,5,2021/12/11 12:00:00,7.5,--,--,,,,,,Taipei,2021
01,1016.4,1020.0,1023.6,2022/01/01 09:26:00,1006.8,2022/01/23 13:19:00,17.2,25.8,2022/01/26 14:28:00,12.0,2022/01/12 05:54:00,14.0,2.4,90,16.1,70,2022/01/28 12:51:00,122.0,96.0,13,2.5,2022/01/06 20:28:00,7.0,2022/01/22 18:15:00,44.5,2022/01/22 00:00:00,83,44.2,47.1,221.00,3,6,2022/01/27 13:00:00,8.5,,,,,,,,Taipei,2022
02,1016.8,1020.4,1025.3,2022/02/24 08:56:00,1008.0,2022/02/07 14:40:00,16.4,27.8,2022/02/28 13:38:00,10.3,2022/02/20 11:25:00,13.9,2.2,90,14.9,340,2022/02/07 17:20:00,252.0,194.3,21,3.0,2022/02/03 12:30:00,8.5,2022/02/03 12:30:00,38.5,2022/02/14 00:00:00,86,36.9,31.1,191.53,3,8,2022/02/28 12:00:00,9.1,,,,,,,,Taipei,2022
03,1011.3,1014.9,1020.0,2022/03/31 23:31:00,1003.0,2022/03/18 03:46:00,21.1,30.0,2022/03/16 12:21:00,11.9,2022/03/08 04:12:00,16.5,2.3,90,14.3,80,2022/03/27 13:06:00,197.5,71.2,11,7.0,2022/03/28 06:13:00,14.0,2022/03/27 00:02:00,75.0,2022/03/28 00:00:00,76,89.1,128.5,418.90,6,11,2022/03/25 13:00:00,7.0,,,,,,,,Taipei,2022
04,1011.2,1014.8,1022.8,2022/04/01 21:33:00,1001.4,2022/04/13 15:04:00,22.5,34.1,2022/04/26 12:43:00,13.2,2022/04/03 01:22:00,17.6,2.1,90,14.0,80,2022/04/06 14:31:00,108.5,62.2,7,13.5,2022/04/14 07:41:00,41.5,2022/04/14 07:18:00,57.0,2022/04/14 00:00:00,75,91.4,100.9,414.31,8,13,2022/04/11 12:00:00,8.0,,,,,,,,Taipei,2022
05,1007.4,1010.9,1014.9,2022/05/02 21:07:00,1000.3,2022/05/26 16:16:00,23.4,33.6,2022/05/29 12:34:00,15.1,2022/05/02 02:28:00,20.8,2.0,90,13.5,70,2022/05/19 13:26:00,486.0,157.5,20,9.0,2022/05/12 18:07:00,32.0,2022/05/25 16:36:00,123.5,2022/05/25 00:00:00,86,60.1,48.2,326.94,7,12,2022/05/12 12:00:00,9.2,,,,,,,,Taipei,2022
06,1003.9,1007.4,1009.2,2022/06/16 09:12:00,996.9,2022/06/06 02:24:00,28.1,35.8,2022/06/05 12:28:00,20.2,2022/06/07 13:55:00,23.5,1.7,160,24.2,180,2022/06/24 13:45:00,234.5,77.3,15,18.0,2022/06/24 13:43:00,42.5,2022/06/24 13:32:00,49.5,2022/06/07 00:00:00,77,111.1,136.1,497.32,10,14,2022/06/14 13:00:00,8.0,,,,,,,,Taipei,2022
07,1003.3,1006.7,1009.3,2022/07/21 08:16:00,998.0,2022/07/30 13:36:00,30.8,38.3,2022/07/23 14:44:00,25.2,2022/07/06 05:16:00,24.4,1.7,160,13.4,280,2022/07/16 11:11:00,122.0,20.7,10,13.0,2022/07/05 12:29:00,39.0,2022/07/05 12:27:00,46.0,2022/07/05 00:00:00,70,159.6,241.2,667.74,11,14,2022/07/21 12:00:00,5.9,,,,,,,,Taipei,2022
08,1004.5,1007.9,1009.0,2022/08/25 21:11:00,1000.2,2022/08/24 03:02:00,30.6,37.2,2022/08/22 12:48:00,24.9,2022/08/25 16:43:00,23.9,1.8,160,13.9,50,2022/08/01 12:36:00,218.5,17.8,10,14.5,2022/08/04 15:22:00,68.0,2022/08/01 12:33:00,69.5,2022/08/01 00:00:00,68,157.4,218.1,603.56,11,14,2022/08/09 13:00:00,5.9,,,,,,,,Taipei,2022
09,1004.7,1008.1,1013.2,2022/09/08 08:48:00,990.8,2022/09/04 02:43:00,27.3,34.8,2022/09/29 12:52:00,21.9,2022/09/23 05:33:00,22.1,2.2,90,17.6,280,2022/09/04 04:46:00,256.0,91.0,15,7.0,2022/09/03 18:40:00,14.0,2022/09/14 00:01:00,47.0,2022/09/12 00:00:00,74,104.3,160.0,459.62,9,13,2022/09/26 12:00:00,6.2,,,,,,,,Taipei,2022
10,1012.3,1015.8,1018.8,2022/10/25 08:16:00,1003.4,2022/10/16 04:40:00,24.2,35.1,2022/10/03 13:27:00,18.6,2022/10/18 04:07:00,20.1,2.6,90,14.6,110,2022/10/25 12:12:00,449.5,170.5,20,12.5,2022/10/16 15:03:00,45.5,2022/10/16 17:24:00,257.0,2022/10/16 00:00:00,79,68.3,77.2,284.60,6,11,2022/10/01 12:00:00,7.9,,,,,,,,Taipei,2022
11,1012.5,1016.1,1020.9,2022/11/30 10:03:00,1007.0,2022/11/27 14:33:00,23.6,31.3,2022/11/28 13:04:00,17.2,2022/11/30 22:23:00,20.4,2.6,90,15.1,80,2022/11/30 11:28:00,119.5,87.3,5,5.5,2022/11/24 21:38:00,22.5,2022/11/24 21:22:00,67.0,2022/11/24 00:00:00,83,59.4,102.8,314.38,6,8,2022/11/13 12:00:00,7.2,,,,,,,,Taipei,2022
12,1017.3,1020.9,1027.5,2022/12/18 09:12:00,1007.7,2022/12/10 14:15:00,16.6,24.8,2022/12/03 13:32:00,8.3,2022/12/25 05:43:00,13.3,2.3,90,13.6,80,2022/12/19 11:35:00,90.5,166.6,18,2.0,2022/12/16 18:27:00,5.0,2022/12/17 10:08:00,16.5,2022/12/15 00:00:00,82,30.4,56.6,194.23,3,6,2022/12/03 13:00:00,8.3,,,,,,,,Taipei,2022
01,1017.7,1021.4,1027.6,2023/01/24 20:20:00,1003.7,2023/01/14 15:09:00,17.0,28.2,2023/01/13 13:34:00,8.5,2023/01/25 01:31:00,12.8,2.4,90,13.3,80,2023/01/07 14:50:00,28.0,63.9,10,3.0,2023/01/15 00:14:00,6.5,2023/01/15 00:09:00,7.0,2023/01/15 00:00:00,77,53.8,88.0,271.16,4,7,2023/01/31 13:00:00,7.7,,,,,,,,Taipei,2023
02,1017.1,1020.8,1030.6,2023/02/26 08:42:00,1008.5,2023/02/06 15:19:00,17.5,28.1,2023/02/13 13:07:00,11.8,2023/02/15 05:24:00,13.3,2.3,90,13.5,90,2023/02/19 15:24:00,37.5,71.0,7,2.0,2023/02/06 02:17:00,6.0,2023/02/05 07:15:00,16.0,2023/02/06 00:00:00,78,52.6,68.2,268.93,5,9,2023/02/28 13:00:00,8.2,,,,,,,,Taipei,2023
03,1014.4,1018.0,1025.5,2023/03/02 09:27:00,1001.0,2023/03/22 15:37:00,20.0,32.6,2023/03/23 12:23:00,12.6,2023/03/05 06:00:00,14.3,2.1,90,18.5,330,2023/03/23 14:08:00,23.5,34.7,7,3.0,2023/03/25 17:50:00,9.0,2023/03/25 17:50:00,14.0,2023/03/25 00:00:00,72,91.4,151.0,443.64,6,9,2023/03/06 13:00:00,7.0,,,,,,,,Taipei,2023
04,1009.6,1013.2,1021.0,2023/04/08 08:10:00,999.4,2023/04/20 03:28:00,22.6,33.1,2023/04/18 13:09:00,16.5,2023/04/07 07:33:00,17.8,2.1,90,15.8,90,2023/04/08 09:42:00,109.5,57.5,9,5.0,2023/04/19 15:27:00,11.5,2023/04/24 09:45:00,26.0,2023/04/19 00:00:00,75,84.7,111.9,392.95,6,10,2023/04/10 12:00:00,7.4,,,,,,,,Taipei,2023
05,1007.0,1010.5,1013.8,2023/05/01 21:20:00,996.2,2023/05/31 13:48:00,25.8,35.0,2023/05/22 13:59:00,18.6,2023/05/08 05:36:00,21.0,2.2,90,16.1,290,2023/05/18 15:14:00,182.5,53.5,13,12.5,2023/05/22 21:36:00,39.0,2023/05/22 20:53:00,74.0,2023/05/22 00:00:00,76,102.7,136.4,506.46,7,12,2023/05/28 12:00:00,7.7,,,,,,,,Taipei,2023
06,1004.1,1007.5,1009.5,2023/06/27 21:40:00,995.3,2023/06/01 04:14:00,28.8,36.2,2023/06/20 12:12:00,22.9,2023/06/15 04:18:00,24.5,1.7,160,12.2,270,2023/06/20 15:29:00,482.0,41.8,13,19.0,2023/06/30 14:34:00,71.0,2023/06/30 14:31:00,127.0,2023/06/04 00:00:00,79,97.3,136.3,494.27,8,12,2023/06/27 12:00:00,7.9,,,,,,,,Taipei,2023
07,1003.7,1007.1,1009.6,2023/07/02 23:02:00,991.8,2023/07/28 05:05:00,30.4,37.9,2023/07/08 12:35:00,24.8,2023/07/11 16:01:00,24.7,2.1,160,18.0,100,2023/07/28 10:24:00,119.0,24.5,13,11.5,2023/07/12 12:37:00,21.5,2023/07/30 12:41:00,21.5,2023/07/30 00:00:00,73,148.3,212.3,599.97,9,13,2023/07/15 12:00:00,6.7,,,,,,,,Taipei,2023
08,1000.7,1004.1,1007.2,2023/08/20 21:47:00,990.7,2023/08/03 17:40:00,29.7,37.6,2023/08/06 13:15:00,23.7,2023/08/22 15:39:00,25.1,2.1,160,21.6,230,2023/08/03 23:12:00,459.5,48.6,16,27.5,2023/08/10 15:39:00,91.0,2023/08/10 15:03:00,114.5,2023/08/10 00:00:00,77,127.4,185.7,549.65,9,13,2023/08/29 13:00:00,7.1,,,,,,,,Taipei,2023
09,1005.5,1008.9,1010.0,2023/09/29 07:48:00,993.2,2023/09/04 05:31:00,29.0,35.5,2023/09/24 13:59:00,23.1,2023/09/10 05:20:00,24.2,2.4,90,15.9,90,2023/09/03 15:36:00,153.0,37.4,12,9.5,2023/09/18 13:54:00,16.5,2023/09/06 14:06:00,31.0,2023/09/06 00:00:00,77,127.5,215.0,555.97,9,13,2023/09/01 12:00:00,5.5,,,,,,,,Taipei,2023
10,1011.6,1015.1,1018.8,2023/10/21 09:14:00,1000.0,2023/10/05 14:49:00,25.3,32.8,2023/10/19 13:03:00,20.1,2023/10/28 08:10:00,21.4,2.6,90,16.0,80,2023/10/05 16:10:00,87.0,52.9,10,4.0,2023/10/05 03:31:00,9.0,2023/10/04 22:51:00,26.0,2023/10/05 00:00:00,80,79.6,95.3,359.02,6,10,2023/10/09 12:00:00,7.9,,,,,,,,Taipei,2023
11,1016.0,1019.5,1024.2,2023/11/13 09:18:00,1008.5,2023/11/03 14:22:00,22.4,32.8,2023/11/06 12:21:00,12.4,2023/11/18 05:16:00,17.1,2.5,90,15.7,70,2023/11/24 15:06:00,17.0,45.8,8,1.0,2023/11/16 17:36:00,4.0,2023/11/16 17:36:00,9.0,2023/11/16 00:00:00,73,73.5,155.9,354.25,5,8,2023/11/02 12:00:00,6.0,,,,,,,,Taipei,2023
12,1018.3,1022.0,1032.3,2023/12/22 09:20:00,1008.4,2023/12/10 14:42:00,18.8,30.2,2023/12/11 13:38:00,9.6,2023/12/22 01:12:00,15.3,2.2,90,14.3,80,2023/12/31 22:45:00,89.0,108.4,8,3.0,2023/12/04 04:29:00,11.5,2023/12/04 04:29:00,61.5,2023/12/04 00:00:00,81,41.1,87.4,238.31,3,6,2023/12/30 12:00:00,7.8,,,,,,,,Taipei,2023
